customer_id,customer_name,email,registration_date
CUST00001,Raimundo Llopis Hierro,maitecalatayud@example.net,2024-07-16
CUST00002,Ileana Antón-Andrés,joanvazquez@example.net,2023-08-21
CUST00003,Chita del Giménez,abraham26@example.com,2024-07-21
CUST00004,Esmeralda Iván Canales,wcaballero@example.com,2023-05-06
CUST00005,María Luisa Terán Castellanos,uriasguadalupe@example.net,2024-05-21
CUST00006,,angelaarmenta@example.net,2023-03-18
CUST00007,Aníbal Teófilo Guerrero Cabrero,maria-elena52@example.com,2024-03-22
CUST00008,Yuridia Gabriela Becerra,fernandosevilla@example.com,2024-03-14
CUST00009,Dr. Irma Badillo,molessalvador@example.com,2023-08-30
CUST00010,Yago Miranda,ppriego@example.com,2024-05-05
CUST00011,Buenaventura Huerta-Jódar,onajera@example.org,2023-07-19
CUST00012,Amanda Carmona Corral,ybartolome@example.com,2024-05-09
CUST00013,Mtro. Perla Alba,maria-jose51@example.com,2024-02-06
CUST00014,María Elena Abelardo Irizarry,martinprudencia@example.net,2024-02-16
CUST00015,Glauco Cuéllar Abascal,halmaraz@example.com,2023-04-02
CUST00016,Ana Luisa Fabiola Valverde,torreolalla@example.org,2024-06-24
CUST00017,Narciso Talavera Dalmau,igalarza@example.net,2023-05-16
CUST00018,Heraclio Nico Perea Ríos,gutierrezespartaco@example.org,2025-01-03
CUST00019,Rolando Urrutia Godínez,beldalaura@example.net,2024-05-31
CUST00020,Anastasio de Murillo,leontorralba@example.org,2024-04-13
CUST00021,Maricruz Suárez-Herrero,gespinal@example.org,2023-05-13
CUST00022,Luisa Lilia Robles Ayala,quevedoluisa@example.com,2023-08-05
CUST00023,Clemente de Sanabria,respanol@example.com,2023-07-13
CUST00024,Ismael Cabañas Ayuso,guzmanflavio@example.com,2023-09-27
CUST00025,Ernesto Pacheco,reynaldoabril@example.com,2024-09-26
CUST00026,Gonzalo Piña,eliaslucio@example.org,2024-12-26
CUST00027,Paulina Barrera-Mir,tapiaani@example.net,2024-06-17
CUST00028,José Manuel Bernat Estevez,,2024-11-04
CUST00029,Anabel Nereida Gutierrez Quintanilla,cristinaarino@example.net,2023-05-15
CUST00030,Máxima Yáñez Molina,yolandamartinez@example.org,2025-02-26
CUST00031,César Macías,antonia07@example.net,2023-10-06
CUST00032,Julio César Garcés Velasco,jaquelinebarrientos@example.org,2023-05-31
CUST00033,Cristina Marcela Tórrez Madrid,gracia12@example.com,2024-09-26
CUST00034,Ramiro Cortés Lladó,jacobofigueroa@example.net,2023-09-05
CUST00035,Lic. Fidel Ávalos,clloret@example.org,2024-11-07
CUST00036,Teodoro Frida Cuellar,avalentin@example.org,2024-04-21
CUST00037,Leandro Araujo Peiró,ccastell@example.com,2024-12-11
CUST00038,Jorge Gaitán Haro,melisa86@example.net,2023-09-03
CUST00039,Toni de Elorza,duarteisabela@example.com,2023-08-17
CUST00040,Cebrián Campoy-Piñeiro,mgiron@example.com,2024-07-28
CUST00041,Esperanza Esparta Alva Espinoza,german14@example.com,2023-03-02
CUST00042,Mtro. Alicia Carrillo,robertojaimes@example.org,2023-12-09
CUST00043,Irma Fabiola Mir Rubio,qfalcon@example.org,2024-12-26
CUST00044,Nicolás Tijerina Estrada,qbarrios@example.com,2024-07-19
CUST00023,Helena Sarabia Mares,karina48@example.org,2025-01-28
CUST00046,Natalia Pinilla Dávila,aulibarri@example.com,2023-04-16
CUST00047,Luis Manuel Ricardo Zepeda,cquintanilla@example.net,2023-07-26
CUST00048,Juana Doménech,aranzazu95@example.org,2024-01-10
CUST00049,Daniel Samuel Flor Colom,hierroaitana@example.net,2023-12-24
CUST00050,Herminia Ferreras Plana,jguerrero@example.net,2023-05-02
CUST00051,Roque Rodríguez Gilabert,jayllon@example.org,2024-03-19
CUST00052,Benita Sobrino Molins,culibarri@example.org,2023-08-30
CUST00053,Francisco Javier Gutiérrez,rgriego@example.com,2024-06-19
CUST00054,Desiderio Elías Narváez Montenegro,eutropioguardia@example.com,2023-08-16
CUST00055,Amílcar Ribera,patricia76@example.org,2025-02-14
CUST00056,Gema Aller Pintor,morahector@example.com,2024-09-12
CUST00057,Ing. Salvador Garay,georginapulido@example.com,2024-12-31
CUST00058,,qnavarrete@example.net,2023-11-22
CUST00059,Mayte Carolina Tejeda,famores@example.net,2023-08-10
CUST00060,María Teresa Dulce Arteaga,nmenchaca@example.com,2024-07-22
CUST00061,Juan Germán Pérez Hernádez,valiaga@example.net,2024-04-14
CUST00062,Consuelo Bayona Arjona,heraclioalmagro@example.net,2023-09-05
CUST00063,Bernardino del Carbó,xjaen@example.com,2024-08-23
CUST00064,María Dolores Piedad Carbó Céspedes,velizaldonza@example.com,2024-01-13
CUST00065,Elvia Benítez,mataremedios@example.net,2023-07-02
CUST00066,Ricarda Armengol-Olivera,angela85@example.org,2023-08-01
CUST00067,Bernabé Prieto,bcorral@example.org,2024-04-14
CUST00068,Ing. Maximiliano Rivero,irene31@example.com,2024-04-28
CUST00069,Marisol Rebeca Ojeda,saldanairma@example.org,2025-02-20
CUST00070,Joaquín Francisco Javier Molina,pilar08@example.org,2024-12-16
CUST00071,Plácido del Torres,ctudela@example.org,2024-03-09
CUST00072,Dan Hermenegildo Hervia Medina,huribe@example.com,2024-09-21
CUST00073,Mtro. Jesús Rendón,fidel31@example.net,2023-05-02
CUST00074,Azeneth Esteve Feliu,ulloret@example.net,2023-04-22
CUST00075,Eloisa Lucio Gaytán,hermelindaalcaraz@example.net,2024-11-12
CUST00076,Alonso Ballester-Manzano,acalderon@example.net,2024-07-29
CUST00077,Mauro Quintana,ameliahernadez@example.com,2024-06-04
CUST00078,Herberto Téllez Benavent,eustaquiomateu@example.org,2025-01-08
CUST00079,León Rico Gonzalez,tquintero@example.net,2025-02-26
CUST00080,Rebeca Silvano Balderas Camacho,juan-luisbertran@example.org,2024-09-17
CUST00081,Leoncio Benavides Crespi,ssanjuan@example.net,2025-02-20
CUST00082,Alonso Esther Lomeli Leyva,gonzalezgabino@example.net,2024-09-30
CUST00083,Aurora Gomila Company,angelicabalderas@example.org,2024-10-01
CUST00084,Ing. Graciela Quiñones,smateu@example.com,2025-01-20
CUST00085,Ing. Miguel Quezada,rosalesmacaria@example.com,2024-11-16
CUST00086,Aurora Girón Velásquez,corona02@example.com,2023-06-05
CUST00087,Dolores Rocío Pulido Salazar,aoliveras@example.com,2024-09-16
CUST00088,Cynthia Mendoza Patiño,wilfrido68@example.org,2025-02-04
CUST00089,Ignacio Hernádez Mejía,avilar@example.net,2024-01-05
CUST00090,Ana Escobedo,wquintanilla@example.org,2024-06-01
CUST00091,Leonardo Castro-Maestre,bcasas@example.net,2025-01-21
CUST00092,Fabricio Alcalá Raya,prudenciacarballo@example.com,2023-11-16
CUST00093,Josep Manzanares Verdú,erosas@example.org,2024-07-16
CUST00056,Dr. Juan Carlos Espino,llorentemaria-teresa@example.com,2024-12-20
CUST00095,Mtro. Abelardo Leyva,ccordova@example.net,2024-01-17
CUST00096,Isabela Pedro Tórrez Ocasio,elena39@example.com,2025-02-01
CUST00097,Amada Monreal Suárez,fcoronado@example.org,2024-06-03
CUST00098,Marta Mármol,hcabo@example.com,2024-04-14
CUST00099,Hernando Cortes Benavides,ivonne96@example.net,2023-07-20
CUST00100,Tamara Pinto Moliner,barrientoseugenio@example.net,2023-09-16
CUST00101,Aurora Manuel Calvillo,sdelgado@example.com,2023-04-15
CUST00102,Fermín Barba Marcos,luis-manuel23@example.net,2024-03-28
CUST00103,Dr. David del Río,fhernando@example.net,2024-04-28
CUST00104,Jerónimo del Segura,riverograciela@example.net,2023-03-19
CUST00105,Ismael Ojeda Martínez,maria-eugenia43@example.com,2024-02-07
CUST00106,Eva Olivárez Vázquez,gustavo06@example.com,2024-04-27
CUST00107,Teresa Avilés-Valdés,samuelmora@example.org,2024-07-29
CUST00108,Dionisia Nidia Cerro Caballero,modesta70@example.net,2023-11-11
CUST00109,Aurora Gustavo Mena,elviracenteno@example.net,2024-09-09
CUST00110,Ing. Georgina de Anda,vlucero@example.com,2023-06-06
CUST00111,Angelita Chico Gonzalez,aurora60@example.com,2023-04-13
CUST00112,Flor Juárez Piquer,gonzalezmariana@example.org,2025-01-13
CUST00113,Dr. Vicente Barajas,violeta61@example.org,2024-12-17
CUST00114,Evaristo Ugarte Carmona,susanacerda@example.com,2023-03-19
CUST00115,Yuridia Paola Perea Villagómez,fcabeza@example.net,2023-03-28
CUST00002,Alonso José Eduardo Gamboa Quiroz,joscamacho@example.net,2023-12-22
CUST00117,Mtro. Anel Otero,carlosrenteria@example.org,2023-11-12
CUST00118,Ainara Amarilis Múgica Hervia,brunogalan@example.net,2023-11-20
CUST00119,Fidel de Acedo,catalinatoledo@example.com,2023-08-07
CUST00120,Natalio Amigó Catalá,montserrat39@example.com,2023-06-13
CUST00121,Eligio Badía Castañeda,barelamartin@example.com,2023-08-18
CUST00122,Ing. Bianca Razo,vazquezmarcial@example.com,2023-11-27
CUST00123,Jose Querol Roldan,esalcedo@example.org,2023-09-15
CUST00124,Dr. Andrés Castro,juana98@example.com,2023-03-02
CUST00125,Ing. Luis Manuel Camacho,titosanmiguel@example.org,2023-08-26
CUST00126,María Elena Leonor Pelayo Cadena,qmarroquin@example.com,2024-09-26
CUST00127,Mario Ángel Bustos,rosalesclemente@example.net,2023-08-24
CUST00128,Pilar Ana María Villa,partidajoaquin@example.net,2024-01-28
CUST00129,Graciela Zapata Marrero,veleznatividad@example.org,2023-07-21
CUST00130,,ggomez@example.com,2024-01-27
CUST00131,Germán Vela Gastélum,jaramilloalicia@example.org,2023-08-20
CUST00132,Ivonne Jerónimo Aguayo Durán,jbanos@example.net,2024-05-26
CUST00133,Raúl Garrido Peñalver,kmondragon@example.com,2023-04-06
CUST00134,Raquel Rubén Bravo Ávila,mariselaayala@example.net,2024-10-22
CUST00135,Ismael Rodrigo-Torralba,nlaboy@example.net,2023-07-04
CUST00136,Irene Cantero Luque,amalia36@example.net,2024-10-14
CUST00137,Cristian Mata Galván,luis-miguel51@example.org,2024-03-31
CUST00138,Delia Ceballos,monicavaldivia@example.net,2024-02-07
CUST00139,Leonel Arias Pulido,ubermejo@example.net,2024-12-08
CUST00140,Lic. Timoteo Perales,palaciosalejandra@example.com,2024-03-08
CUST00141,Jimena Selena Paredes Borja,guerreromarco-antonio@example.net,2025-01-19
CUST00142,Sr(a). Leonardo Marín,isabelade-la-garza@example.org,2025-02-09
CUST00143,Lina Ferrera,veronica23@example.org,2024-11-04
CUST00144,Conrado Durán-Coronado,maria-teresauribe@example.com,2024-02-18
CUST00145,Ing. Irene Mata,ebayo@example.com,2024-11-04
CUST00146,Rosa Anabel Mora Sarabia,inigo70@example.org,2023-07-18
CUST00006,Araceli Verónica Bustamante Villegas,jvera@example.net,2024-02-11
CUST00148,Yéssica Fabra Montoya,anelraya@example.org,2023-03-25
CUST00149,Natalia de León Arenas,hsaavedra@example.net,2024-04-27
CUST00150,Florencia Luna Ponce,rufino05@example.org,2023-07-31
CUST00151,Porfirio Olvera Limón,isabelabonilla@example.net,2024-02-16
CUST00152,Esmeralda Pou Castelló,,2023-12-27
CUST00153,Lino Godofredo Moya Castell,xverdugo@example.org,2023-05-21
CUST00154,Dolores Ernesto Mondragón Ruelas,emigdiocortina@example.org,2024-09-02
CUST00155,Natividad Tirado Soto,sarita92@example.net,2023-08-28
CUST00156,Dalia Dolores de Jesús,partidajose@example.net,2023-07-04
CUST00157,María Jesús López Sanchez,martinsomoza@example.org,2024-12-03
CUST00158,Lic. María Teresa Lerma,mcuellar@example.net,2023-07-27
CUST00159,Amancio Terrón-Pera,lopezcelso@example.org,2024-04-03
CUST00160,Nelly Contreras,garibaymaria-del-carmen@example.com,2024-03-18
CUST00161,Amelia Prieto Vallés,judithbonilla@example.com,2023-08-10
CUST00078,Feliciano Cabeza Naranjo,antoniomadrid@example.com,2023-10-18
CUST00163,Jacinta Adadia Bernad,ildefonso28@example.net,2023-03-04
CUST00164,Graciela Granados Madera,gomezsimon@example.net,2024-07-18
CUST00165,Blanca Sanabria Zambrano,linacobo@example.com,2024-02-18
CUST00166,Sessa Morales Guajardo,wendolinbriones@example.net,2023-08-16
CUST00167,Olivia Tovar Sarabia,csoriano@example.net,2024-06-17
CUST00168,Flavio Adriana Munguía Barreto,victorcano@example.net,2023-08-31
CUST00169,Alvaro Jesús Treviño,marisolroque@example.net,2023-10-23
CUST00170,Amílcar Seco Arco,alvarofeliciano@example.org,2023-06-29
CUST00171,Noelia Leonel Tórrez Rojas,espinogonzalo@example.com,2024-07-12
CUST00172,Elena Casanova Pedro,yquinonez@example.com,2024-10-23
CUST00173,Nydia Valencia Pedrero,pinedaarcelia@example.com,2023-03-18
CUST00174,Emilia del Calderon,gertrudis44@example.com,2024-11-16
CUST00175,María Jerónimo Ramón,encarnacion64@example.net,2023-12-06
CUST00176,Nico Ramis Parra,claveroreina@example.net,2023-10-29
CUST00177,Carmen Barrera Gracia,juan-carlos90@example.net,2023-07-20
CUST00178,Flora Peral Saldaña,benitapedraza@example.com,2023-08-03
CUST00179,Felix Camila Alvarez Escamilla,hvalenzuela@example.com,2023-08-08
CUST00180,Ernesto Lira,carloscervantez@example.org,2024-07-13
CUST00181,María Asunción Maya,urbinapatricia@example.com,2024-05-01
CUST00182,Teodoro Delia Nájera,fontmonica@example.org,2023-06-05
CUST00183,Alba Paniagua Peinado,sarabriseno@example.org,2024-08-01
CUST00184,Mauro Sotelo,evelasco@example.org,2024-06-29
CUST00185,María del Carmen Robledo Sierra,,2023-11-26
CUST00186,Pedro Timoteo Villagómez,toribiovalverde@example.org,2024-05-10
CUST00187,Calista Mateu,mohamedgomis@example.com,2023-03-29
CUST00188,Fidel Estrada Ureña,socorromadrigal@example.net,2023-07-07
CUST00189,Miguela Domingo,genovevanebot@example.net,2023-08-22
CUST00190,Apolinar Arroyo Landa,fanglada@example.net,2024-10-07
CUST00191,Maximiliano Felipe Palomino Luevano,balderascristina@example.com,2023-07-28
CUST00192,Marisol Figueroa,humbertomatos@example.net,2024-04-24
CUST00193,Catalina Nevárez,jose-antonio71@example.com,2023-10-13
CUST00194,Claudia Beatriz Arteaga,pperalta@example.org,2024-04-05
CUST00195,Mtro. Elias Crespo,tsamaniego@example.com,2023-04-11
CUST00196,Haroldo Vega Sebastián,dalilaosorio@example.org,2023-04-13
CUST00197,Jose Miguel Marc Sosa Macias,rosaeloy@example.com,2024-09-03
CUST00198,Josefina Armenta,vargasramiro@example.org,2024-08-28
CUST00199,Mtro. Antonia Olvera,sofia91@example.org,2024-11-28
CUST00200,Florentina Nicolau Pavón,eligiaverdu@example.com,2024-11-14
CUST00201,Alejo Cerro Mínguez,mcordova@example.net,2024-05-10
CUST00202,Íngrid Montalbán Cámara,rosalia58@example.net,2025-01-23
CUST00203,Mtro. Martín Alfaro,zacarias16@example.net,2024-01-13
CUST00204,Rubén Rojo Jaimes,,2023-08-24
CUST00205,Lupe Tenorio Donaire,federicoaparicio@example.net,2023-06-03
CUST00206,Agapito Sainz,acoronado@example.net,2024-08-05
CUST00207,Leyre Soto Barrios,chelomorcillo@example.net,2023-03-17
CUST00208,Lic. Humberto Delgadillo,patricio54@example.net,2024-06-29
CUST00209,Fernando Germán Valdez,,2024-01-09
CUST00210,Héctor Graciela Franco,mauro58@example.net,2023-11-15
CUST00211,Carlos Renato Tórrez Ojeda,clemente40@example.com,2024-05-07
CUST00212,Ángela Salamanca Jerez,eloytijerina@example.com,2023-11-04
CUST00213,Bianca Sergio Villa,aurelianogonzalez@example.net,2023-06-27
CUST00214,Aureliano Reyes Murillo,chapaabigail@example.net,2024-05-23
CUST00215,Montserrat Tamarit Tejada,miguel-angel40@example.org,2023-09-29
CUST00216,,diezsilvestre@example.org,2023-07-09
CUST00217,Rocío Valbuena Estrada,aguirrehector@example.net,2023-11-30
CUST00218,Elodia Santos Zamora,nataliarocha@example.com,2023-08-23
CUST00219,Fito Cámara Segarra,adelamiranda@example.com,2023-03-18
CUST00220,Marcos Ramirez Roma,pachecoyolanda@example.org,2024-01-06
CUST00221,Jorge Morales Hurtado,rodolfo37@example.com,2024-02-05
CUST00222,Rodolfo Renato Alba Ibarra,anelcasanova@example.com,2024-09-27
CUST00223,Leticia Nadia Márquez,quirino93@example.org,2023-07-06
CUST00224,Calista Sanz Pereira,zterrazas@example.net,2024-11-19
CUST00225,Noé de Zaragoza,araceli91@example.org,2024-01-07
CUST00226,Lupe Conde-Córdoba,rcarrion@example.org,2024-06-03
CUST00227,Nayeli Ramírez Baca,nellypelayo@example.com,2024-03-30
CUST00228,Joaquina del Almeida,abelardo39@example.org,2024-04-11
CUST00229,Fabiola Bartolomé Barrena,sangulo@example.com,2023-08-25
CUST00230,Rodolfo Rivera Perelló,yocasio@example.org,2024-05-11
CUST00231,Azahara Escalona Pozo,perlitaacevedo@example.org,2024-11-21
CUST00232,Zacarías Tovar,pgodinez@example.com,2024-09-12
CUST00233,Gerónimo Elena Carreón,palcazar@example.org,2025-01-03
CUST00234,Manuel Aragonés Salom,manuarregui@example.com,2023-09-05
CUST00235,Paola Esteban Badillo,joaquin95@example.net,2024-09-03
CUST00236,Hermelinda Claudio Soliz,rmas@example.org,2024-06-28
CUST00237,Manu Valcárcel Arévalo,usosa@example.net,2023-05-18
CUST00238,Conchita Macías,,2023-11-11
CUST00239,Pablo Mario Guajardo,rosa27@example.org,2023-12-05
CUST00240,Porfirio Tamayo,qherrero@example.org,2023-12-23
CUST00241,María del Carmen Nevárez Caballero,ledesmarene@example.net,2024-02-02
CUST00242,Ciríaco Gaya Tello,marcio03@example.org,2024-02-28
CUST00243,Zoraida Herrera Fuente,pedromedina@example.com,2023-04-27
CUST00244,,ptejeda@example.com,2025-01-10
CUST00245,Jorge Luis Nelly Salinas Robledo,nmontero@example.com,2024-05-12
CUST00246,Amalia Valladares,alcidesjulian@example.net,2024-07-20
CUST00247,Cristian Elsa Mendoza Godínez,modestourbina@example.net,2023-04-26
CUST00248,Minerva Tomás Salas Rincón,fortunato28@example.com,2023-05-29
CUST00249,Miguela de Zamora,atienzamaria-cristina@example.org,2023-07-17
CUST00250,Sonia Esther Barreto,gilanselma@example.com,2024-04-01
CUST00251,Serafín Rosas Saavedra,reinaalbano@example.org,2023-08-27
CUST00252,Mtro. Adriana Sandoval,bernabecaldera@example.net,2024-05-26
CUST00253,Clemente del Pablo,xberrios@example.com,2023-10-25
CUST00254,Dr. Espartaco Macías,buenosantiago@example.com,2024-11-04
CUST00255,Lic. Anabel Aguirre,valeroramona@example.com,2024-07-13
CUST00256,Sr(a). Óliver Arias,valentinatalavera@example.com,2023-08-09
CUST00257,Octavio Lozano Aparicio,,2023-08-30
CUST00258,Adriana Galan Cobos,lunadalia@example.net,2024-06-06
CUST00259,Silvia Porcel-Mármol,arceliasanches@example.net,2024-11-11
CUST00260,Berta Quesada Gómez,elodia99@example.com,2023-08-05
CUST00261,Tania Laboy Raya,jonasuribe@example.com,2023-05-21
CUST00262,Rocío Virginia Olivares,nazaret31@example.org,2024-01-08
CUST00263,Juan Tania Corrales,jorge-luis11@example.org,2023-10-14
CUST00264,Jorge Luis Jimínez,chuchoexposito@example.com,2024-01-29
CUST00265,Ing. Nelly Pantoja,borraspaulino@example.net,2023-08-26
CUST00266,María Belén Rita Morata Plaza,severiano61@example.net,2024-01-02
CUST00267,Loreto Doménech-Pintor,julio-cesarmascaro@example.com,2024-05-19
CUST00268,Andrea Daniela Puga,eluna@example.org,2024-07-03
CUST00269,Fernando Socorro Saldivar Villegas,icampo@example.com,2023-08-22
CUST00270,Eva Pinto Mur,luis-manuel92@example.com,2024-05-23
CUST00271,Dr. Mauro Martínez,smontana@example.net,2023-11-22
CUST00272,Dr. Irma Ocampo,hnava@example.net,2025-02-08
CUST00273,Magdalena Escolano-Amores,marcelalovato@example.net,2023-08-01
CUST00274,Nerea Valera Chaparro,flaviocorrales@example.net,2023-07-10
CUST00275,Antonia Rangel,gtellez@example.net,2024-10-01
CUST00276,Sr(a). Jorge Luis Terán,hurtadogema@example.net,2024-10-04
CUST00277,Vicente Sara Armendáriz,luis-manuel10@example.org,2024-11-09
CUST00278,Nayeli Norma Valdez,,2024-07-01
CUST00279,Florentina Posada Sierra,amador71@example.com,2024-10-23
CUST00280,Camilo Collado Montero,maria-eugenia38@example.com,2023-10-31
CUST00281,Beatriz Quezada,angel40@example.net,2023-11-25
CUST00282,Teobaldo Novoa Canales,ascensiondiaz@example.net,2023-04-27
CUST00283,Manuelita Roldan Sevilla,lespinosa@example.net,2024-12-29
CUST00284,Alicia Fajardo,aordonez@example.net,2024-11-11
CUST00285,Emilio Barros,piomoreno@example.org,2024-12-09
CUST00286,Frida Saiz Suárez,lorosco@example.org,2023-06-01
CUST00287,María José Serafín de León Luevano,matiascarranza@example.org,2023-06-29
CUST00288,Dulce Niño Cisneros,iybarra@example.net,2024-11-20
CUST00289,Eduardo Ruiz,ameliamalo@example.org,2023-08-15
CUST00290,Soledad Sanmartín Baeza,rubiocelia@example.org,2024-07-11
CUST00291,Ing. Úrsula Saldaña,tpelayo@example.com,2024-11-24
CUST00292,Armando Raúl Angulo,anacleto43@example.net,2024-09-26
CUST00293,María José Raúl Saldivar,lealmatilde@example.net,2024-12-04
CUST00294,Sr(a). Marcos Treviño,vcalatayud@example.net,2024-10-19
CUST00295,Ulises Alcides Sandoval Jódar,quinonescaridad@example.org,2024-03-29
CUST00296,Noemí Orozco-Roman,milagrosgabaldon@example.org,2023-12-24
CUST00297,Felicia Lucas-Diéguez,gregorio94@example.net,2023-06-26
CUST00298,Remigio Reina Barranco,cesarharo@example.org,2024-09-24
CUST00299,Zoé Laura Saiz,eulalia66@example.com,2023-08-10
CUST00300,Heriberto Villalba Lobo,usaavedra@example.net,2023-12-18
CUST00301,Pío Sedano Palma,bgibert@example.org,2023-06-12
CUST00302,Irene Gloria Miranda Trujillo,rnunez@example.org,2023-04-28
CUST00303,Matías Segura Alegre,valerosastre@example.org,2023-03-13
CUST00304,César Violeta Madrid,ciro54@example.org,2024-08-28
CUST00305,Amelia Leonardo Magaña,tbou@example.org,2024-10-07
CUST00306,Jorge Bermejo,aureliasalgado@example.org,2023-09-05
CUST00307,Salomé Carreño Roca,obelda@example.com,2024-02-17
CUST00308,Aurelio Millán Pedrero,juanacepeda@example.net,2023-06-30
CUST00309,Juan Manuel Aguirre Córdoba,ernesto26@example.net,2023-06-08
CUST00310,Asunción Benito Cintrón,bortega@example.com,2023-12-23
CUST00311,Emiliano de Hurtado,maderaemiliano@example.net,2023-09-24
CUST00312,Emiliana Ballester Heras,pcarreon@example.com,2023-04-07
CUST00313,Vilma Albero,cesar69@example.com,2024-07-19
CUST00314,Dr. Mariana Beltrán,,2024-04-27
CUST00315,Anabel Alcalá-Juárez,barrenamontserrat@example.com,2024-05-09
CUST00316,,spina@example.com,2024-09-03
CUST00317,Lupita de Lobato,cayetano83@example.org,2023-08-07
CUST00318,Rodrigo Barraza,dgriego@example.org,2025-01-17
CUST00319,Azahar Santana Ballesteros,carlaalcala@example.net,2024-04-15
CUST00320,Ceferino Valderrama Oliver,jose-emiliocastro@example.net,2023-12-30
CUST00321,Alta  Gracia Meza Portillo,irizarryreynaldo@example.net,2024-09-07
CUST00322,Jessica Vicente Palomino,xdiaz@example.org,2024-02-25
CUST00323,Renato Carrillo Gil,alberolajose-ignacio@example.org,2023-07-07
CUST00324,Juan Carlos Conchita Duarte Aranda,inesguzman@example.com,2024-03-19
CUST00325,Araceli Reina Nieves Casares,jacintovillalobos@example.org,2023-05-23
CUST00326,Martha Leyva Márquez,uribemaria-eugenia@example.org,2024-03-09
CUST00327,Guillermo Ramón Maestas,lpedrosa@example.com,2024-10-01
CUST00328,Pía de Contreras,oalvarez@example.net,2023-06-24
CUST00329,Israel Abreu Ocampo,florezolga@example.org,2023-05-28
CUST00330,Ana María Collado,armasesther@example.net,2023-11-28
CUST00331,María José Arturo Vera Cadena,lbenavides@example.net,2023-06-01
CUST00332,Narcisa Castrillo Guzmán,ignacio65@example.com,2023-12-07
CUST00333,Eugenia Antonio Fierro Chacón,currocordoba@example.com,2024-05-24
CUST00334,Lorenzo Carla Tello Muñiz,dmendez@example.com,2023-11-15
CUST00335,Cayetano Mayo Arjona,eusebio13@example.com,2024-12-13
CUST00336,Sr(a). Zoé Luna,alta-graciapalacios@example.com,2023-07-02
CUST00337,Jerónimo Cal Chaves,barriopaulina@example.org,2025-01-18
CUST00338,Sergio Pérez,verduzcorodrigo@example.com,2024-04-06
CUST00339,Anacleto Figueroa Salcedo,marmoldonato@example.org,2023-11-26
CUST00340,Darío Vela Prieto,yanguiano@example.net,2024-12-05
CUST00341,Joaquín Ernesto Escobar,marisela20@example.net,2023-12-09
CUST00342,Josep Hernán Tello Barrera,rodolfo26@example.org,2024-02-23
CUST00343,Rosalina de Piñeiro,ytovar@example.com,2024-03-20
CUST00344,Ing. Inés Oquendo,aldonzamatos@example.net,2024-03-24
CUST00345,Victorino Lucas Barragán,rocio32@example.org,2024-05-15
CUST00346,Eliseo de Gimenez,debora23@example.net,2023-06-23
CUST00347,Rosa Alicia Mora Vanegas,piedadugarte@example.net,2024-10-08
CUST00348,Mitzy Alfonso Bustamante,eligiagilabert@example.org,2023-04-23
CUST00349,Isabel Ferrer Cedillo,irenebahena@example.org,2024-04-18
CUST00350,Ofelia Cifuentes-Cantero,ninowilfrido@example.com,2024-10-22
CUST00351,Encarna Mora Cerezo,ptorrens@example.com,2023-03-31
CUST00352,Nélida del Godoy,umelero@example.net,2023-09-28
CUST00353,Diana Abel Vega,echeverriasalvador@example.com,2024-07-25
CUST00354,Aránzazu Valderrama-Chico,granadosjavier@example.com,2024-10-12
CUST00355,Segismundo Narváez Salom,hugo31@example.com,2023-09-29
CUST00356,Abel Arriaga Olvera,ade-la-cruz@example.com,2025-01-22
CUST00357,Patricio José Manuél Campos Roque,vitobeltran@example.org,2023-06-29
CUST00358,Indira Ibarra Cantú,francisco62@example.net,2023-06-01
CUST00359,Viviana de Neira,pradoursula@example.org,2024-01-06
CUST00360,Ana Benito Meraz,sebastianlara@example.net,2023-06-15
CUST00361,Eva Beatriz Arroyo Orozco,anamuro@example.org,2023-09-02
CUST00362,Guadalupe Zapata Rosado,amigohilario@example.org,2024-08-15
CUST00363,Mario Carrillo Manzanares,qsaenz@example.com,2023-11-15
CUST00364,Gala de Peláez,eduardo70@example.com,2023-12-29
CUST00365,Frida Gastélum,coronayeni@example.org,2024-10-11
CUST00366,Roxana Riba Gordillo,ayanez@example.net,2024-02-15
CUST00367,Dr. Martín Luna,garana@example.net,2024-10-25
CUST00368,Reyes Sanchez Duran,nuriafernandez@example.org,2023-09-23
CUST00369,Ani Rozas Franch,miguel11@example.com,2024-07-17
CUST00370,Mtro. Gerónimo Solís,villagomezoctavio@example.com,2024-01-02
CUST00371,Brígida Colomer Cabrera,maciasrufina@example.net,2024-12-08
CUST00372,Gabino Olivera,larchuleta@example.com,2023-05-06
CUST00373,Serafín Sandra Padilla,smunoz@example.org,2023-11-04
CUST00374,Águeda Leiva Perales,olimpia44@example.com,2023-11-28
CUST00375,Esperanza Cervantes Macías,,2024-07-24
CUST00376,Gabriel Lorena Zedillo Burgos,agalvan@example.net,2023-09-08
CUST00377,Mtro. Anabel Serrato,merinoleire@example.net,2024-10-28
CUST00378,Ofelia Rebeca Anaya,sarafont@example.org,2023-11-19
CUST00379,Javier Ayuso Palomo,rafa78@example.com,2023-08-31
CUST00241,Dionisio Perales Torrijos,mariovilla@example.net,2024-05-07
CUST00381,Dalia Francisco Javier Bustamante Linares,kayala@example.net,2023-12-31
CUST00382,Moisés de Gabaldón,bserna@example.net,2024-02-26
CUST00383,Zaida Catalán Duran,jose-antoniomayoral@example.net,2023-09-29
CUST00384,José Manuél Montes,esteban74@example.net,2023-05-21
CUST00385,Sr(a). Abraham Segura,hector17@example.org,2024-03-01
CUST00386,Timoteo Irma Lebrón Ibarra,conchitasierra@example.org,2023-05-28
CUST00387,Graciana Nadia Montenegro Chaves,qmarques@example.com,2024-10-16
CUST00388,Alejandro Vergara,lucila38@example.net,2024-09-03
CUST00389,Natividad Helena de la Rosa Valdez,cleto72@example.net,2023-10-28
CUST00390,Dr. Israel Burgos,jacinto46@example.com,2023-11-19
CUST00391,Rocío Guadalupe Rivas Carvajal,vergararoberto@example.net,2025-01-18
CUST00392,Vilma Ferreras Vall,amartin@example.org,2023-08-23
CUST00393,Cornelio Noriega Recio,ignacioduenas@example.org,2024-05-13
CUST00394,Susana Diana Marroquín Baeza,nllanos@example.org,2024-03-27
CUST00395,Roberta Borja Castilla,bpaez@example.com,2024-01-17
CUST00396,Alfonso Tejeda Feliciano,medinaolga@example.org,2024-08-22
CUST00397,Matías Ibarra Gonzalo,catalina16@example.net,2023-09-17
CUST00398,Andrés Amalia Lugo,msolis@example.net,2023-12-17
CUST00399,Cecilia Monroy,elena26@example.org,2024-04-07
CUST00400,Prudencio de Galván,duiliopazos@example.net,2023-12-01
CUST00401,Valentina Jaume Atienza,alleratilio@example.net,2024-03-07
CUST00402,Isidora Pinto Casals,ncorral@example.net,2023-06-11
CUST00403,Humberto Natalio Cabrero Viña,lourdescantu@example.net,2025-01-02
CUST00404,Baudelio Ruben Camino Valenciano,maytejodar@example.net,2023-04-06
CUST00405,Ofelia Redondo Marquez,valderramavisitacion@example.org,2023-04-07
CUST00406,Eugenio Abelardo Alcántar Burgos,fcompany@example.net,2023-05-11
CUST00407,Víctor Jaén Guardia,gabino70@example.org,2023-06-21
CUST00408,Teodosio Manso Palomino,gcarrillo@example.org,2023-12-03
CUST00409,Natanael Donaire Mulet,ujasso@example.org,2024-01-19
CUST00410,Dulce Camila Pacheco Pabón,judith76@example.net,2025-02-03
CUST00411,Blas Barral Cuervo,ztolosa@example.net,2023-08-04
CUST00412,Santiago Juan Muñoz,almudenatorrents@example.org,2024-07-25
CUST00413,Amalia Barajas,adan89@example.net,2023-10-16
CUST00414,Lorenza Zabala Bustos,mauriciomontemayor@example.net,2024-09-06
CUST00415,Porfirio Sara Ayala,anselmasoria@example.com,2023-04-03
CUST00416,Remigio Tur Montes,leopoldo08@example.org,2023-03-06
CUST00417,Eugenio Berríos,cvega@example.org,2024-09-21
CUST00418,Ignacio Casanova,candelariakarina@example.com,2024-02-25
CUST00419,Malena de Bou,vanesareyes@example.com,2024-10-10
CUST00420,Esparta Rentería Meraz,maria-cristina11@example.net,2023-07-24
CUST00421,Francisco Padilla Manzanares,armentadaniel@example.com,2023-06-14
CUST00422,Ascensión Izquierdo Ferrández,pozoildefonso@example.com,2023-10-28
CUST00423,Asunción Ribas Artigas,qsebastian@example.net,2024-12-16
CUST00424,Adela Atienza Roselló,ricardodelgadillo@example.net,2023-11-10
CUST00425,Guillermo Montserrat Varela,rguzman@example.com,2023-08-15
CUST00426,María Cristina Cecilia Chavarría Paz,perla33@example.org,2023-12-14
CUST00427,Zacarías César Domínguez Santacruz,moraramiro@example.com,2023-09-18
CUST00428,Mtro. Luisa Alcántar,piquerespiridion@example.org,2023-03-06
CUST00429,Eliseo Cuevas,clemente04@example.org,2024-05-15
CUST00430,Ruth Santamaria Calatayud,ggamez@example.net,2023-08-15
CUST00431,Juana Ontiveros Peña,alcantarfidel@example.org,2024-11-26
CUST00432,Tania Vicente Nazario,macariosanchez@example.org,2024-09-25
CUST00433,Chema Vilaplana Carreras,porrasgerman@example.net,2024-03-21
CUST00434,Cynthia Rocío Herrera,adelaida20@example.org,2025-01-31
CUST00435,Sr(a). Socorro Madera,antonia58@example.org,2024-06-03
CUST00436,Anabel Vazquez,fquintanilla@example.com,2023-05-17
CUST00437,Natanael Mármol,guadalupe39@example.net,2023-05-14
CUST00438,Sr(a). Camila Montemayor,tomasguerrero@example.org,2023-03-31
CUST00439,Camila Olvera,alberto85@example.net,2024-09-21
CUST00440,Alvaro Lucio,aroa11@example.org,2023-06-19
CUST00441,Cruz Garcés Rodrigo,brigidarozas@example.net,2024-03-13
CUST00442,Albano Segovia Mármol,beltranbaltasar@example.org,2023-08-04
CUST00443,Sr(a). René Gil,coquendo@example.net,2023-11-27
CUST00444,Ignacio Alfaro,tellezabraham@example.net,2024-02-02
CUST00445,Amalia Belmonte-Pallarès,miriam49@example.org,2024-09-19
CUST00446,Juana Ortega,icrespi@example.org,2024-08-19
CUST00447,Rosalinda Marquez Cobos,adalberto88@example.org,2023-10-08
CUST00448,Abilio Prado Blázquez,jaimegalarza@example.com,2024-01-24
CUST00449,Cirino Giner Iriarte,escuderohilda@example.net,2024-03-05
CUST00450,Joaquina de Manso,climaco39@example.com,2023-05-02
CUST00451,Carolina Yuridia Gollum Camarillo,,2024-11-11
CUST00452,Sr(a). Eloisa Matías,nmendez@example.net,2024-01-14
CUST00453,Dr. Raúl Valverde,luis-miguel20@example.com,2024-08-14
CUST00454,Pelayo del Lloret,isabelrosado@example.com,2023-11-26
CUST00455,Hilda Micaela Ureña Cardona,lozanorosa-maria@example.org,2023-04-05
CUST00456,Quique Benito-Benet,quirosmaria-jose@example.net,2024-02-13
CUST00457,Leoncio Juliá Suarez,ruben39@example.net,2024-10-05
CUST00458,Marisol Mónica Segovia,gpascual@example.org,2025-01-14
CUST00459,Noa Caridad Vilaplana Checa,diegovalles@example.net,2023-09-17
CUST00460,Felisa Arjona Gilabert,andreajaime@example.com,2024-03-31
CUST00461,Nicanor Gabaldón Villaverde,drodarte@example.org,2023-06-09
CUST00462,Aroa Vázquez Llanos,jose-manuelochoa@example.com,2023-09-27
CUST00463,Dionisia Peñalver,wosorio@example.com,2025-02-12
CUST00464,Sr(a). Mónica Chávez,estelabermudez@example.net,2023-07-13
CUST00465,Conchita Eduardo Cotto,godinezlinda@example.com,2023-05-27
CUST00228,Nereida Tejero Tello,florreig@example.org,2023-07-18
CUST00467,Bernardo Cuevas Cañizares,basiliodelgado@example.com,2024-09-08
CUST00468,Graciela Alfonso,galvezmarisol@example.net,2024-02-06
CUST00469,David Gaona,rodolfoecheverria@example.net,2023-03-15
CUST00470,Jacobo María Elena Ybarra,reyespol@example.org,2024-09-27
CUST00471,Cosme Yáñez Varela,samuelcaldera@example.org,2023-06-14
CUST00472,Ing. Alfonso Tapia,toledogeorgina@example.org,2024-12-28
CUST00473,Lourdes Rivero Pellicer,zgrande@example.com,2023-04-23
CUST00474,Rolando René Calvillo Pizarro,albina31@example.com,2023-11-17
CUST00475,Elena Abigail Aguilar Vélez,perezfatima@example.org,2023-04-04
CUST00476,Jos Carbajal,qizaguirre@example.net,2024-08-17
CUST00477,Mtro. Sara Leal,lilianaurias@example.net,2024-05-01
CUST00478,José Eduardo Rafaél Vaca,homero95@example.net,2023-10-18
CUST00479,Victoria Caridad Godínez,benitogallegos@example.net,2024-05-25
CUST00480,Paulina Sessa Ávila Cruz,bustosclemente@example.com,2024-01-22
CUST00481,Andrea Irizarry Garibay,archuletajuan-carlos@example.com,2024-05-08
CUST00482,Sr(a). Delia Saldaña,ferrervictor@example.net,2023-12-05
CUST00483,Aldo Rufino Segovia,ileanaaraujo@example.com,2023-08-28
CUST00484,Cayetano Bolaños Llorente,yolanda66@example.net,2024-11-10
CUST00485,Adoración Bayona,lucila89@example.com,2023-04-16
CUST00486,Espartaco Samuel Esquivel Rentería,ibarradelia@example.com,2024-11-19
CUST00487,Angelina del Nieto,sarita89@example.com,2024-10-12
CUST00184,Ramón Roybal,maura77@example.net,2023-05-03
CUST00489,Azahar Jordá Bauzà,zoegodinez@example.com,2024-08-09
CUST00490,Noemí Omar Aguirre Irizarry,ciro65@example.org,2024-12-31
CUST00491,Estefanía Otero Gil,eliassamaniego@example.net,2023-09-01
CUST00492,Quirino de Lara,hermenegildoiborra@example.net,2024-09-03
CUST00493,Bernabé Carla Berríos,toroalma@example.com,2025-01-23
CUST00494,Mtro. Miguel Velasco,welizondo@example.net,2024-05-09
CUST00495,,wgaribay@example.net,2024-11-12
CUST00496,Juan José Rocha Tejera,rufino27@example.org,2023-05-15
CUST00497,Abril Adán Gaitán Ojeda,porfirio94@example.org,2023-10-02
CUST00498,Gabriel Mariana Montalvo,modestopineda@example.org,2024-09-16
CUST00499,José Karla Lemus Raya,coralgranados@example.org,2025-02-15
CUST00500,Pilar Magdalena Olivárez,nereidaconde@example.com,2024-08-16
CUST00501,Humberto Valero Cañizares,qmacias@example.net,2023-12-20
CUST00502,Ariel Cárdenas Barreda,alba17@example.net,2024-08-24
CUST00503,Jorge Luis Jorge Luis Valencia Valdés,alejandra61@example.com,2025-02-23
CUST00504,Maricela Díaz-Luís,zacarias87@example.net,2024-03-29
CUST00505,Juana Llamas Rivas,,2023-05-02
CUST00506,Miguel Navas Robles,betancourtcynthia@example.com,2023-11-11
CUST00507,Ester Manuel Lastra,maria59@example.net,2023-03-12
CUST00508,Daniela Enríquez,luisaguitart@example.net,2024-05-03
CUST00509,Enrique de la Crúz Osorio,bartolomeselena@example.com,2023-10-29
CUST00510,Rogelio Puerta Zamora,jaureguiesmeralda@example.org,2024-01-01
CUST00511,Esmeralda Grande Huertas,icastro@example.net,2023-04-21
CUST00512,Ale Palacios Morell,rtoledo@example.net,2023-06-30
CUST00513,Paola Diana Villareal,osoria@example.net,2023-03-12
CUST00514,Mauricio Paola Gaytán Burgos,josefina64@example.org,2023-08-19
CUST00515,Abel Solorzano Chacón,mariano80@example.net,2024-09-14
CUST00516,Helena Aguirre,ruben30@example.net,2024-08-03
CUST00517,Lilia Ramiro Quesada,daliaorellana@example.com,2023-12-01
CUST00518,Aníbal Roca-Heras,violeta84@example.com,2023-11-20
CUST00519,Ciriaco Cerezo Manjón,rsantamaria@example.net,2024-04-20
CUST00520,Inés Aida Coronado,estevezcristian@example.com,2024-07-21
CUST00521,Marcela Abril Gonzales,albinouriarte@example.org,2024-12-26
CUST00522,Hugo Samaniego,vaparicio@example.org,2023-11-04
CUST00523,Eliseo Poza Bellido,elisahenriquez@example.com,2023-05-15
CUST00524,Rodrigo Ibarra Plaza,aldofarias@example.com,2024-02-04
CUST00525,Natalia Galindo,umarrero@example.org,2024-12-09
CUST00526,Loreto de Isern,elvia50@example.net,2023-05-02
CUST00527,Desiderio Rovira Morata,narcisallorente@example.net,2024-01-24
CUST00528,Rosa Herrero Agullo,xcortina@example.org,2025-02-26
CUST00529,Josep Bravo Nevado,pagesfilomena@example.org,2023-08-22
CUST00530,Jose Francisco Guerrero Moliner,bespinoza@example.net,2023-11-16
CUST00531,Cecilia Fidel Arenas Rubio,patricia73@example.net,2024-11-06
CUST00532,Febe del Solís,angelatamez@example.org,2025-02-13
CUST00533,Frida Patricia Navarro Rendón,besteve@example.net,2023-11-30
CUST00534,Dr. Inés Barajas,ofeliasalinas@example.net,2025-01-15
CUST00535,Elisabet Etelvina Redondo Montserrat,zabalagenoveva@example.org,2025-01-03
CUST00536,Chuy Angulo Franch,gfeliu@example.org,2023-07-21
CUST00537,Olivia Villanueva,navarroestela@example.net,2024-04-07
CUST00538,Édgar Gallardo Tur,xbarrera@example.net,2023-09-15
CUST00539,Ana Luisa Sergio Jáquez Tafoya,mateucasemiro@example.org,2023-07-05
CUST00540,Primitivo Guardia Pol,begonaibarra@example.net,2023-12-20
CUST00541,Pilar del Camacho,gponce@example.org,2023-05-13
CUST00542,Gracia del Cruz,ignacio85@example.com,2023-12-31
CUST00543,Irene Guajardo,xizquierdo@example.com,2023-08-29
CUST00544,Abel Aragón,sisneroscelia@example.com,2023-03-08
CUST00545,Dan Custodio Miranda Almeida,barbaraarchuleta@example.com,2024-01-04
CUST00546,Citlali Gabino Navarro,jose-mariamas@example.org,2024-06-26
CUST00547,Dr. Araceli Meléndez,micaelavelazquez@example.org,2023-11-27
CUST00548,Reynaldo Olivárez Berríos,pablo66@example.org,2024-08-18
CUST00549,Áurea Adelina Piñeiro Balaguer,matospaola@example.net,2025-01-20
CUST00550,Lidia Giner Coronado,wsalinas@example.net,2023-04-14
CUST00551,Inocencio del Prado,nicodemoblanch@example.com,2024-03-26
CUST00552,Gloria del Blázquez,wcedillo@example.org,2024-08-19
CUST00553,Dr. Micaela Ortega,jose-carlosbellido@example.com,2023-10-28
CUST00554,René Augusto Carreón Pedraza,jaqueline35@example.com,2024-01-20
CUST00555,Cesar Gabino Salamanca Coello,gonzalezelvira@example.net,2024-02-06
CUST00556,Arturo Bruno Ayala,rupertamaestre@example.org,2024-02-27
CUST00557,Hilda Rascón Rodríguez,hugo83@example.org,2023-11-07
CUST00558,Lic. Silvia Cisneros,czurita@example.com,2024-04-15
CUST00559,Erasmo Font Linares,eaguirre@example.com,2024-10-03
CUST00490,Bianca Aida Loya Olvera,tverdugo@example.org,2024-07-09
CUST00561,Rubén Tapia,heliodorovalle@example.com,2023-05-01
CUST00562,Duilio Ávila Mayol,vorozco@example.org,2023-10-18
CUST00563,Noa Ortiz Padilla,monicaleal@example.org,2024-09-10
CUST00564,Alta  Gracia Vaca,corneliomondragon@example.com,2023-08-20
CUST00565,Pánfilo Piña Viñas,khernandez@example.org,2023-05-14
CUST00566,Salma Isaac Rangel Torres,fortunatachacon@example.net,2024-12-15
CUST00567,Fabián Zabaleta Cepeda,vanesavallejo@example.org,2024-01-04
CUST00568,Porfirio Tejada Casanova,primitiva20@example.com,2024-09-28
CUST00093,Hernán Quintero,elenacarbajal@example.org,2023-05-18
CUST00570,Rico Lasa Gual,jacintaamo@example.com,2023-10-19
CUST00036,Benita Vallés Somoza,,2023-09-06
CUST00572,Julia Mitzy Rojo,guadalupegonzalo@example.org,2023-10-04
CUST00573,Genaro Paz Garibay,blaselorza@example.com,2024-08-30
CUST00574,María José Fernando Ponce Palacios,zmilla@example.net,2024-08-17
CUST00575,Asunción Sanmiguel,guillennorma@example.net,2024-01-20
CUST00576,Porfirio Ontiveros Sevilla,lupesabater@example.com,2024-06-25
CUST00577,María Teresa Daniela Pichardo Lozano,abigailsans@example.org,2024-12-09
CUST00578,Roque Cerdá Pozuelo,maria-del-carmen02@example.com,2024-11-26
CUST00579,Apolonia Ibáñez Morante,boudanilo@example.net,2023-05-19
CUST00506,Arturo Ofelia Olivo Segura,cpintor@example.org,2023-05-11
CUST00581,Dr. Dalia Colunga,rivasmario@example.com,2024-11-24
CUST00582,Socorro Dolores Carvajal Ceja,isernalbano@example.com,2023-03-24
CUST00583,Pamela Adame,estebanvillalobos@example.net,2024-12-15
CUST00584,Lucas Quintanilla,hierrosofia@example.net,2023-04-28
CUST00585,Ing. Emilio Arroyo,bartolomeoller@example.org,2024-08-01
CUST00586,Nazario Martín Muñoz,canalessigfrido@example.org,2024-01-19
CUST00587,Marcos Natalio Elías Sarabia,cabanhelena@example.com,2023-07-30
CUST00588,Ángel Ponce,adriana21@example.net,2024-03-27
CUST00589,Olivia Liliana Sosa Fuentes,canalesconcha@example.net,2023-03-27
CUST00590,Paloma Madrigal Roldán,olivia99@example.com,2025-01-06
CUST00591,Marcela Leonor Vizcaíno Valenciano,santiagogonzales@example.net,2023-06-21
CUST00592,Abel Caridad Alva,francosergio@example.com,2024-04-01
CUST00254,Isabela Montez Valencia,fortunyjenny@example.com,2024-07-11
CUST00594,Homero Macías Santillán,carreraisabela@example.com,2023-04-05
CUST00595,Ing. Alicia del Río,perla57@example.com,2024-05-03
CUST00596,Jose Angel Cortés Serna,vpedraza@example.org,2024-09-25
CUST00597,Mtro. Pilar Tello,crescenciamarmol@example.com,2024-01-28
CUST00598,Enrique Anguita Nicolau,,2024-04-20
CUST00599,Dr. Reina Zelaya,rosariocarrion@example.com,2024-12-02
CUST00600,Georgina Pedraza Briseño,jose-emiliorazo@example.com,2024-01-09
CUST00601,Encarna Díez,milagros03@example.org,2023-06-29
CUST00602,Sr(a). Maximiliano Sanches,noetomas@example.net,2024-05-07
CUST00603,Claudio Berta Sevilla Centeno,segoviaroldan@example.net,2023-08-07
CUST00604,Fabricio Arregui Bonet,garredondo@example.net,2024-09-09
CUST00605,Reynaldo Marrero Fuentes,elisallamas@example.com,2024-05-31
CUST00606,Yuridia Carvajal,cristinalara@example.org,2023-12-26
CUST00607,Manuelita Lola Calatayud Gabaldón,genaro24@example.net,2024-06-22
CUST00608,Andrés Felipe Merino Nevado,cedilloalicia@example.com,2023-11-19
CUST00609,Gregorio Balaguer Boix,tduarte@example.net,2024-03-26
CUST00610,Mtro. Hugo Mercado,solanaclementina@example.org,2023-12-07
CUST00611,Ariadna Sarmiento Menéndez,ogomez@example.org,2023-07-02
CUST00612,Julio César Dulce Menéndez Meléndez,eanguiano@example.com,2024-08-08
CUST00613,Julia Serra Donaire,salma92@example.net,2024-04-09
CUST00614,Salomé Campo Moreno,berta76@example.net,2023-07-21
CUST00615,Silvano Federico Ulibarri,eplana@example.com,2024-01-24
CUST00616,Irene Rozas-Nogués,gloriabermejo@example.net,2023-08-21
CUST00617,Rosalia Ybarra Rivas,raeldiana@example.com,2023-11-15
CUST00618,Rufino Cardona Ybarra,miguel-angel01@example.org,2023-03-23
CUST00619,Yaiza Abad-Collado,ymanuel@example.net,2023-04-12
CUST00620,Emiliano Ilse Luna,fmontanez@example.net,2023-04-27
CUST00621,Lina Graciana Castell Mariscal,valentina80@example.org,2023-11-28
CUST00622,Guillermina Angulo Gollum,tmatias@example.com,2023-09-30
CUST00623,Manuel Trejo,aitanachamorro@example.org,2025-01-23
CUST00624,Lorena Cristian Lomeli Castillo,bellidoflora@example.org,2023-08-30
CUST00625,Máxima Rueda Cerdán,felisaricart@example.com,2024-06-20
CUST00626,Dr. María Elena Saucedo,wolivo@example.org,2025-01-15
CUST00627,María Del Carmen Aguilera Valentín,segismundo89@example.com,2024-03-27
CUST00628,Loreto Tomas Pedrosa,,2024-06-10
CUST00629,Juliana Bernal-Cifuentes,fsierra@example.net,2023-03-28
CUST00630,Jonatan de Miguel,bienvenida07@example.com,2023-04-06
CUST00631,Mtro. Lucía Morales,daniela09@example.net,2025-02-04
CUST00632,Mtro. Anel Rojas,manzanaresnydia@example.net,2024-12-04
CUST00633,Jose Carlos Ariel Castañeda Vega,jose-antonio29@example.com,2024-04-16
CUST00634,Adela Bruno Zayas Delgado,zpelayo@example.org,2024-03-10
CUST00635,Mercedes Dolores Suárez,cesar29@example.org,2024-04-09
CUST00636,Juan Carlos Granados,enriquevelez@example.net,2025-02-06
CUST00637,Tomás Jaime Carrillo,abrilpujadas@example.com,2024-09-14
CUST00638,Óscar González,qrojo@example.org,2023-08-14
CUST00639,Graciela Rangel Olivas,calderonoscar@example.net,2024-07-07
CUST00640,Santiago Laboy,gabriela14@example.net,2023-04-28
CUST00641,Zeferino Guardado,ines25@example.net,2024-08-11
CUST00642,Severo Bayo Albero,,2024-07-25
CUST00643,Ofelia Cano Ramírez,gloriaheredia@example.org,2024-12-27
CUST00644,Martín Briones Barberá,carreterochema@example.net,2024-02-21
CUST00645,Máxima Esteban Cantero,macario71@example.net,2023-10-17
CUST00646,Luis Yeni Mejía Hinojosa,lluchmaxi@example.org,2023-06-15
CUST00647,Isabela Balderas,diego71@example.com,2023-11-19
CUST00648,Georgina Carmina Téllez Camps,ngil@example.net,2024-05-01
CUST00649,Otilia Jove Calderón,bejaranoconcha@example.net,2024-04-15
CUST00650,Aida Salinas,arellanograciana@example.com,2023-03-22
CUST00651,Isaac Julio César Velasco,btejera@example.com,2023-07-22
CUST00652,Coral de Planas,valverdeomar@example.com,2023-03-22
CUST00653,Karla Anabel Bustamante Navarrete,ricogregorio@example.net,2024-09-12
CUST00654,Leonel Ariza Plana,josefa61@example.net,2023-11-26
CUST00655,Arturo Quezada,andres-felipeferrando@example.org,2023-10-22
CUST00656,Gema Barroso Mena,caleman@example.com,2023-10-01
CUST00657,Rocío Arnau Ramirez,noemizabala@example.com,2023-03-05
CUST00658,Cruz Bello-Arco,ealiaga@example.net,2025-01-29
CUST00659,Pascual de Alcaraz,melendezotilia@example.org,2024-07-14
CUST00660,Dr. Rosa Barela,valenciadulce@example.net,2023-10-11
CUST00661,Samu Franco Rojas,hmelendez@example.net,2023-08-23
CUST00662,Socorro Garcés Arroyo,bernardino14@example.org,2025-01-18
CUST00663,José Eduardo Perla de Anda,robertoarevalo@example.org,2023-12-22
CUST00664,Florina Reyes Cruz Alcázar,aguayoabraham@example.org,2024-05-01
CUST00665,Victoria Luz-Rico,emilianocollazo@example.net,2024-12-02
CUST00666,Lic. Lilia Griego,escolanoliliana@example.com,2024-07-02
CUST00667,Félix Hugo Acuña Gutiérrez,bustosesperanza@example.com,2023-03-05
CUST00668,Regina Galindo Lloret,danielcompany@example.net,2024-08-02
CUST00669,Diana Crespo,pascuallucas@example.org,2023-09-03
CUST00670,Israel Sergio Rendón Armas,echeverriafausto@example.org,2023-03-12
CUST00671,Sr(a). Angélica Gollum,lourdes35@example.org,2023-09-22
CUST00672,Corona Cabañas Gálvez,jose-manuelgaray@example.org,2024-01-05
CUST00673,Lic. Ana Pulido,ingridsanz@example.org,2024-10-23
CUST00674,Celia María José Esquibel Muñoz,israelcavazos@example.org,2024-04-06
CUST00675,Borja Cantero-Solana,wde-la-torre@example.com,2023-10-17
CUST00676,Marciano Cayetano Domínguez Gras,fvelez@example.org,2024-02-11
CUST00677,Germán Alcaraz,fernandomenchaca@example.com,2024-11-26
CUST00678,Brígida Adadia-Rios,sosamacarena@example.net,2024-02-18
CUST00679,Luisa Prado Tello,pvalbuena@example.org,2024-11-26
CUST00680,Concha Cazorla Palmer,vicentebustamante@example.org,2024-02-29
CUST00681,Cynthia María Luisa Vásquez Vergara,xsilva@example.org,2023-12-18
CUST00682,José Eduardo Socorro Rivera,plazateodora@example.net,2024-05-15
CUST00683,Sr(a). Gustavo Polanco,ariadnameza@example.net,2023-10-22
CUST00684,Yéssica Pascual,pinolpio@example.com,2025-01-13
CUST00685,Flavia Díez Bautista,nicanorgomez@example.net,2024-10-25
CUST00686,Paz Gallego Gomis,gabriela86@example.com,2023-12-19
CUST00687,Gilberto Ojeda Santamaria,rodrigezoscar@example.net,2023-05-06
CUST00688,Silvano Nazario,teclaseco@example.org,2024-11-26
CUST00689,Viviana Escamilla Maldonado,cozarleoncio@example.org,2023-05-07
CUST00690,Bárbara Fuente Viñas,sigfrido82@example.com,2023-03-16
CUST00691,María Alonso,andreaalonzo@example.org,2024-11-24
CUST00348,Ricardo Montalvo,qvillasenor@example.net,2023-09-17
CUST00693,,kmaestas@example.org,2024-10-29
CUST00694,Francisca Esperanza Roybal,amanda25@example.com,2024-12-19
CUST00695,Serafín Cynthia Tello,deliacorrales@example.org,2024-11-16
CUST00696,Alfonso Moliner Castañeda,jose-eduardo23@example.net,2024-10-16
CUST00697,Fabiola Coloma Peralta,oswaldomadera@example.org,2023-08-03
CUST00208,Íngrid Valera Codina,cristal08@example.net,2024-07-26
CUST00699,Mario Gregorio Vela Contreras,bruno70@example.org,2023-03-29
CUST00700,Albano Herberto Giménez Salmerón,menaanabel@example.net,2024-10-09
CUST00701,Lucila Girona-Lobo,blanesbarbara@example.com,2023-12-18
CUST00702,Georgina Ferreras,salvador98@example.org,2024-12-05
CUST00703,Concepción Ponce,anieves@example.com,2024-05-14
CUST00704,Homero Marisela Valentín Brito,zricart@example.com,2023-04-27
CUST00705,Luz Linda Chávez,hipolitomateos@example.com,2024-08-20
CUST00706,Rosa Núñez Bueno,allano@example.org,2024-06-29
CUST00707,Dr. Elvira Escamilla,perla70@example.com,2023-07-02
CUST00708,Rafaél Rivas,,2024-02-26
CUST00709,Ruy Acedo Correa,timoteo71@example.net,2023-07-28
CUST00710,Diego Salazar,carrerasmaria-del-carmen@example.com,2023-11-05
CUST00711,Rufino Nájera Verdugo,,2024-12-22
CUST00199,Lic. Francisco Javier Rolón,ariel90@example.com,2024-01-19
CUST00713,Amparo Coll-Montenegro,jonasdavila@example.org,2024-01-01
CUST00714,Lourdes Teresa Moya Arriaga,olga18@example.org,2023-08-29
CUST00715,Marcelino Diego Mora,genaro51@example.net,2023-09-25
CUST00716,Adán Citlali Sisneros,mercedes65@example.org,2024-04-01
CUST00717,Casemiro Vaquero,nataliazaragoza@example.net,2023-04-04
CUST00718,Jimena Benito Carnero,tenapablo@example.com,2024-06-30
CUST00719,Margarita Rubén Solorzano,hernananaya@example.net,2023-11-23
CUST00720,Bernardo de González,enriquecedillo@example.org,2023-04-28
CUST00721,Araceli Almaraz Roybal,estradabianca@example.org,2023-03-14
CUST00295,Azahara Isern Aroca,guadalupe01@example.org,2024-06-09
CUST00723,Xiomara Folch-Esteban,bustamanteclemente@example.net,2024-05-30
CUST00724,Mtro. Jesús Cruz,cabezaoriana@example.net,2024-03-23
CUST00725,Concha Feliu,pabloacuna@example.net,2023-03-03
CUST00726,Édgar Varela,rolando27@example.net,2023-09-25
CUST00727,Silvestre Pacheco Pino,noeliagil@example.com,2024-02-19
CUST00728,Beatriz Solano Canet,tpaniagua@example.com,2023-04-11
CUST00729,Fernando Uribe Carlos,maria-eugenia94@example.net,2025-01-15
CUST00730,Perla Lorenzo López,angelarolon@example.net,2024-02-23
CUST00731,Adán Zeferino Salazar,hrios@example.net,2025-01-24
CUST00732,Calixto Prat Pérez,bertoparra@example.org,2023-12-28
CUST00733,Rosario Karina Casillas,rvalera@example.net,2024-04-08
CUST00734,Jonás Rolón,rsegura@example.org,2023-10-04
CUST00735,Carlos Henríquez Saiz,soledadcervantes@example.org,2023-09-20
CUST00736,Severo Bayo Valentín,robertomorillo@example.org,2023-11-11
CUST00737,Ing. Beatriz Bermúdez,sferrer@example.net,2024-12-03
CUST00738,,qsantana@example.net,2023-08-02
CUST00739,Ing. Aida Aparicio,oliveramaria-del-carmen@example.com,2024-02-18
CUST00740,María Luisa Aranda,ceciliamateo@example.net,2024-08-13
CUST00741,Irene Cañizares Miguel,kcarmona@example.net,2024-09-28
CUST00695,Ing. Reina Rodrígez,natividadbadillo@example.com,2023-05-20
CUST00743,Rosa Ocasio,ines00@example.net,2025-02-28
CUST00744,Silvio Pazos Oller,ricardo16@example.com,2024-04-21
CUST00745,Jerónimo Badillo,joelmiguel@example.net,2023-10-15
CUST00746,Toño Mayol Carbó,alejandratijerina@example.com,2024-05-19
CUST00747,Máxima Rocamora Villa,alejandra79@example.org,2023-09-16
CUST00748,Reina Orellana,saenzbenito@example.net,2024-12-05
CUST00749,Leonor Valverde Nicolás,prudencio63@example.com,2024-01-23
CUST00750,Clotilde del Lara,consuela63@example.net,2024-10-19
CUST00751,Arcelia Navarro-Llano,nroldan@example.com,2024-01-24
CUST00752,José Antonio Samu Marín Roselló,lindapadilla@example.com,2024-05-27
CUST00753,Dr. Aida Sevilla,qgarces@example.net,2023-07-12
CUST00754,Teodoro Óscar Puente Valles,panfilosevillano@example.org,2024-04-14
CUST00755,Raúl Marín Rozas,andrea36@example.com,2024-08-01
CUST00756,Francisco Ruby Gracia,camilacornejo@example.org,2024-11-29
CUST00757,Sabas del Simó,ppichardo@example.org,2023-03-19
CUST00758,Elías Cerezo Andres,victoria82@example.net,2024-10-01
CUST00759,Ricarda Aller Baquero,eligia41@example.com,2023-09-23
CUST00760,Leonel Cintrón Gracia,velezgraciana@example.net,2024-09-04
CUST00761,Aurora Granados,narciso96@example.net,2023-08-16
CUST00762,Concha Cobos Campillo,leonardosabater@example.com,2024-10-09
CUST00763,Sr(a). Mitzy Tejeda,mateopatricio@example.com,2024-07-17
CUST00764,Germán Clemente Naranjo,homero09@example.org,2023-05-26
CUST00765,Edmundo del Mendoza,tellezeva@example.com,2024-12-15
CUST00525,Laura Herrera Madera,manuelgallo@example.org,2024-10-21
CUST00767,Trinidad Lorenzo Aponte Lara,vsotelo@example.com,2024-10-27
CUST00768,Benito Cruz,moralucia@example.net,2023-07-23
CUST00769,Alicia Ávila,acerdan@example.com,2024-02-04
CUST00770,Faustino Lucio Blanca Cano,ascensioncastillo@example.net,2024-08-22
CUST00771,María Cristina Mateo Cepeda Hurtado,nerea43@example.org,2023-06-12
CUST00772,Dulce Laura Ocasio Vásquez,alvaradoagueda@example.net,2024-01-05
CUST00773,Jerónimo Fiol Juárez,queroesmeralda@example.com,2024-02-03
CUST00774,Augusto José Carlos de la Rosa,zaragozatrinidad@example.com,2023-09-10
CUST00775,Esparta Figueroa Espino,miguel-angel62@example.com,2025-02-10
CUST00776,Concepción Sandra Luna Fajardo,lucasconcepcion@example.org,2023-08-22
CUST00777,Eugenio Serafín Raya Guzmán,abriones@example.com,2024-04-06
CUST00778,Nydia Puga Garay,qzambrano@example.org,2024-07-20
CUST00304,América de Méndez,mpablo@example.net,2023-09-06
CUST00780,Edmundo Vargas Piquer,inevarez@example.net,2024-09-19
CUST00781,Carmina Juliá-Doménech,mayte21@example.com,2025-01-03
CUST00782,Francisca Camilo Marroquín,angelinalucas@example.net,2024-01-29
CUST00783,Guillermina Irizarry,marco-antonio25@example.net,2024-09-02
CUST00784,Pilar Víctor Quiñónez,eustaquioballester@example.org,2024-02-28
CUST00785,Joel Juan Cárdenas,fcarrillo@example.org,2023-07-29
CUST00786,Ramiro Mercedes Reyna Salcedo,duilioolmedo@example.org,2023-10-14
CUST00787,Cipriano Silvestre Diéguez Verdugo,rodolfoacuna@example.net,2025-01-03
CUST00788,Águeda Benítez Hoz,mendezaldonza@example.com,2025-03-01
CUST00789,Florentina Camino Morales,bertranedgar@example.net,2024-03-18
CUST00790,Soledad Jiménez,armando97@example.com,2024-04-04
CUST00791,Tomás Atienza,anabel18@example.net,2024-10-07
CUST00792,Leonor Herrera Domínguez,bborrell@example.org,2024-12-17
CUST00793,Reyna Quevedo López,martinamor@example.com,2024-11-18
CUST00794,Dr. Jorge Caldera,minervaramirez@example.com,2023-12-10
CUST00795,Ramón Ruby Piña Bustamante,sessa26@example.net,2024-09-04
CUST00796,Alfredo Serna Mondragón,vicentecorrea@example.com,2023-06-12
CUST00797,Joaquín Isaías Bernad Tejedor,carolinamacias@example.org,2024-09-03
CUST00798,Rebeca Amanda Ureña Bermúdez,vicensteodoro@example.com,2024-09-01
CUST00799,Nadia Isern Padilla,santacruzadriana@example.org,2024-01-26
CUST00800,Dulce Laura Armenta,umartorell@example.net,2024-08-27
CUST00801,Sofía Jaimes,ericescalante@example.org,2024-07-18
CUST00802,Manuel Téllez Almanza,acarnero@example.org,2024-03-27
CUST00803,Leticia Zarate,serafin95@example.net,2024-09-11
CUST00804,Asunción Carmen Cervántez Alcaraz,alcazarjosefa@example.org,2023-04-15
CUST00805,Jose Angel Codina,ffarre@example.com,2024-06-03
CUST00806,Mario Luisa Alonzo,vanesacorominas@example.net,2024-11-11
CUST00807,Mariana Almonte,eloylozano@example.net,2023-12-28
CUST00808,Isabela Aguilera Candelaria,vsaldivar@example.net,2024-02-08
CUST00809,Micaela Pabón Ruelas,anelsuarez@example.org,2023-07-19
CUST00810,Mtro. Perla Barela,hrojas@example.com,2024-12-16
CUST00811,Marco Antonio Alonso,lucila37@example.com,2024-06-07
CUST00812,Natividad Estefanía Villagómez,sceja@example.net,2024-02-11
CUST00813,Zacarías Murillo,silviafranco@example.com,2024-11-26
CUST00814,Belén Duran Flores,ycabrero@example.com,2023-03-11
CUST00815,Eugenio Enrique Valdés Arreola,socorro45@example.net,2023-12-13
CUST00816,Severiano Vara Antón,tito19@example.org,2024-08-19
CUST00817,Consuelo del Jordá,amalia84@example.org,2023-08-26
CUST00818,Isidoro Sebastián Cantero,arnaizanunciacion@example.org,2025-01-10
CUST00819,Trinidad Fuertes Pardo,leandra78@example.com,2025-01-05
CUST00820,Moisés Parra Nadal,franchvalentin@example.com,2023-04-24
CUST00821,Silvestre del Noguera,arturojaquez@example.com,2024-08-02
CUST00822,Sonia Wendolin Guillen Coronado,citlaliportillo@example.com,2024-11-03
CUST00823,Noemí Nájera,xcoello@example.org,2023-04-25
CUST00824,Fortunato Miranda Querol,zbarriga@example.org,2024-02-16
CUST00825,Amparo Vizcaíno-Marqués,turibe@example.net,2024-06-05
CUST00826,Abril Gilberto Suárez Contreras,iflorez@example.net,2023-08-02
CUST00827,Violeta Leticia Fajardo Madera,nadalrosario@example.net,2024-12-04
CUST00828,Luz Luz,vidalcarmina@example.com,2023-07-07
CUST00829,Agustín Alicia Tirado,hernanpichardo@example.net,2023-09-13
CUST00830,Sosimo Peralta Jover,arreolauriel@example.org,2023-11-01
CUST00831,Renato Abigail Rendón Mojica,panchomartinez@example.com,2024-01-22
CUST00832,Loreto Huguet Calzada,jorge-luisrenteria@example.org,2023-09-19
CUST00833,Saturnina Requena Bilbao,rodriguezsusanita@example.org,2024-10-29
CUST00834,Marisela Araceli Negrón,ljaime@example.com,2024-09-11
CUST00835,Minerva Peña,anselmacastejon@example.com,2023-12-24
CUST00836,Nelly Óliver Carvajal,csaenz@example.net,2023-05-29
CUST00837,Flora de Real,peiroconcha@example.com,2024-12-23
CUST00838,Calista Carranza,jose-luis44@example.com,2024-05-23
CUST00839,Calisto Robles Atienza,,2023-03-15
CUST00840,Esmeralda Dulce Sáenz Acevedo,borja06@example.com,2024-01-02
CUST00841,Lic. Iván Ocasio,citlalisantana@example.net,2024-11-19
CUST00842,Yeni Rangel,chuy99@example.com,2024-05-13
CUST00843,Leonardo Ivonne Toledo,plobato@example.org,2024-06-04
CUST00844,Lucho Mendizábal Casals,esperanzabaena@example.net,2025-01-22
CUST00845,Lidia Alfonso Carreño,llopismiriam@example.org,2023-04-04
CUST00846,Isidora Blazquez-Montes,salazaragustin@example.com,2024-03-27
CUST00847,Linda Alberto Suárez,fhinojosa@example.org,2024-05-30
CUST00848,Carla del Cobo,maria-jesus12@example.com,2024-04-25
CUST00849,Ana María Sessa Melgar,barraganmarc@example.com,2023-03-31
CUST00850,Bibiana Rey Morante,dcasarez@example.org,2023-12-04
CUST00851,Maristela Cándida Ureña Verdugo,jimenezanel@example.com,2023-06-21
CUST00852,Lic. Andrés Roybal,bguillen@example.com,2024-01-10
CUST00853,Rico de Mayo,obotello@example.net,2025-01-03
CUST00854,Glauco Diéguez Higueras,aarguello@example.com,2023-09-30
CUST00855,Abel Ana María Rosario,juan53@example.net,2023-07-28
CUST00757,Cynthia Tejeda Valladares,chuy61@example.org,2025-01-01
CUST00857,Enrique Santana,teresa47@example.com,2023-03-11
CUST00858,Evita Galvez Segura,cepedaveronica@example.org,2024-01-20
CUST00859,Abril Delgadillo Pedraza,ftijerina@example.net,2024-02-14
CUST00860,Ale del Casal,wzaragoza@example.com,2023-11-02
CUST00861,Bernabé Sevillano Pellicer,oagusti@example.net,2024-06-10
CUST00862,Noé Pallarès-Feliu,nuria33@example.com,2024-01-31
CUST00863,Gilberto Salcedo Zelaya,ferrandezotilia@example.net,2024-07-25
CUST00864,Germán Varela Sanches,pedroesquibel@example.net,2024-05-30
CUST00865,Macario Castellanos Bas,clotilde38@example.net,2023-04-03
CUST00607,Agustín Óscar Hernádez,poncetomas@example.net,2025-02-21
CUST00867,Iris Ramírez Lledó,xvalbuena@example.net,2023-03-03
CUST00868,Amado del Rivera,abigail63@example.com,2024-02-10
CUST00869,Roxana Amaya-Gonzalez,haroelsa@example.org,2024-04-26
CUST00870,Andrea Socorro Calderón Amaya,lalva@example.net,2024-11-17
CUST00515,Fernando Bianca Rojas Griego,merinonicolas@example.org,2023-08-05
CUST00872,María Teresa Isabel Bustos Salom,barrerayesica@example.org,2024-11-11
CUST00873,Andrés Carolina Bañuelos Quintanilla,emiliana61@example.org,2024-04-03
CUST00874,Amaya del Pizarro,partidaeugenia@example.net,2023-05-04
CUST00875,Fátima Simó Roman,florina07@example.net,2025-01-02
CUST00876,Dr. Bianca Candelaria,ferrerveronica@example.net,2023-04-25
CUST00877,Domitila Padilla,lrael@example.org,2023-10-09
CUST00878,Amor Castell Mesa,hugo98@example.org,2024-01-29
CUST00879,Esmeralda Novoa Manuel,sisnerosrodrigo@example.net,2024-08-19
CUST00880,Diego Vendrell Ballester,elsa33@example.org,2023-05-18
CUST00881,Yeni Martín Robles,sergio46@example.com,2023-09-29
CUST00882,Javi Arnal Valcárcel,gisbertjimena@example.org,2023-08-08
CUST00883,Dr. Evelio Rosales,zflorez@example.org,2024-06-10
CUST00884,Adelina Benavent Pallarès,cisnerosluis-angel@example.com,2023-04-05
CUST00885,Zaira Palomino-Arranz,hectorluz@example.org,2024-07-16
CUST00886,Plácido Dávila-Nicolás,gustavoalmeida@example.org,2024-03-27
CUST00887,Alejandra Chapa Ojeda,humberto47@example.org,2024-11-01
CUST00888,Virginia David Soto Puente,cobossofia@example.org,2023-06-05
CUST00889,Juan Pablo Pineda,rufino63@example.org,2023-04-04
CUST00890,Emilia de Mosquera,losadasalud@example.org,2024-09-28
CUST00891,Ariadna Mariano Barragán,xverdu@example.com,2023-07-27
CUST00892,Inés José Luis Sotelo,rrojo@example.net,2024-08-29
CUST00893,Sr(a). Emilio Gaona,zguitart@example.org,2024-09-01
CUST00894,José María Vázquez,jose-manuel81@example.org,2024-07-30
CUST00895,Iván Juan Antonio Ortiz Grau,nvila@example.com,2023-10-17
CUST00896,Mayte Preciado,miriam54@example.com,2023-12-13
CUST00897,Ismael Guillen Lara,valeria14@example.net,2024-02-03
CUST00343,Danilo Cabello-Carrasco,antonio83@example.com,2025-02-15
CUST00899,Dionisia Mate Llobet,ritajulian@example.org,2025-02-11
CUST00900,Javier Karina Palomino Venegas,wvila@example.org,2023-03-22
CUST00901,Esperanza Enrique Rojo,vserra@example.org,2023-10-03
CUST00902,Luis Miguel Lorena Fuentes,bvaldez@example.com,2024-04-30
CUST00903,Trinidad Castellanos-Mayoral,vpacheco@example.org,2023-09-12
CUST00904,Karina Terrazas,rodrigo09@example.org,2024-03-16
CUST00905,Fito Portillo Piquer,ibartolome@example.com,2024-09-14
CUST00906,Asunción Mulet Sanmiguel,de-la-torrebernardo@example.net,2024-07-11
CUST00907,Severiano Torres Amor,buenaventurapolo@example.com,2025-02-07
CUST00908,Esteban de Sanz,aura02@example.com,2023-05-05
CUST00909,Cristina Carranza,vtejera@example.org,2023-09-01
CUST00910,Catalina Emiliano Marín,mcovarrubias@example.net,2024-11-11
CUST00911,Dr. Nadia Reynoso,abrahamcollazo@example.com,2023-12-31
CUST00912,María Del Carmen Huerta Zaragoza,drincon@example.net,2023-03-14
CUST00913,Ernesto Sastre Oliver,adel-rio@example.org,2024-04-27
CUST00914,Paula Iris Seco Planas,pozuelojovita@example.org,2023-06-03
CUST00915,Emigdio Manzanares Batlle,wreina@example.net,2024-11-14
CUST00916,Angélica Calzada Vargas,kraya@example.com,2024-11-13
CUST00917,Amada Sevilla,serranorico@example.com,2023-09-13
CUST00918,Leonel Alfonso Alarcón,chaconitzel@example.net,2024-09-18
CUST00919,María Teresa Barreto,leyrerio@example.org,2023-10-26
CUST00920,,cynthia20@example.net,2024-11-08
CUST00921,Eugenio Casanova Portillo,albaines@example.com,2024-11-29
CUST00922,Felisa Enríquez Gascón,vascoasenjo@example.net,2024-06-12
CUST00923,Nuria Mendez Saldaña,atienzamaria-pilar@example.com,2024-06-04
CUST00924,Glauco de Folch,roblesamaro@example.org,2025-01-20
CUST00925,Yolanda Andrea Garay,lourdesdiego@example.org,2023-12-21
CUST00926,Sr(a). Itzel Medrano,camilaprats@example.com,2025-01-14
CUST00418,Custodio de Palacios,adelapadilla@example.net,2024-02-29
CUST00928,Julio Galindo Reynoso,lopezflorentina@example.net,2024-11-26
CUST00929,Ángel Gamez Partida,tcanales@example.net,2024-01-17
CUST00930,Asdrubal Morata-Pont,gabino57@example.org,2023-10-29
CUST00931,Sandra Vigil Rangel,nadiavillagomez@example.net,2024-11-06
CUST00932,Agustín de Mendizábal,nhervia@example.org,2024-09-19
CUST00933,Glauco Valenzuela Martin,remigiofuente@example.net,2023-07-28
CUST00934,Íñigo del Mulet,maximino08@example.com,2024-02-28
CUST00935,Estela Meraz Monroy,calistabalaguer@example.net,2024-10-19
CUST00936,Marco del Vázquez,margaritaaguayo@example.org,2023-12-06
CUST00937,Elisa Ávila Cisneros,ciriacoduran@example.net,2023-03-11
CUST00938,José Luis de Rojas,daniel33@example.com,2023-08-01
CUST00939,Diana Encarnacion Machado Sanabria,rosalia71@example.com,2023-09-17
CUST00940,Daniela Rodríguez,nsantiago@example.net,2023-04-24
CUST00941,Mauricio Alejandra Olivárez,maciasrosario@example.net,2023-05-15
CUST00942,Pascuala de Jimenez,dmalave@example.com,2023-06-13
CUST00943,Ing. Mauricio Becerra,marianoestevez@example.org,2023-11-07
CUST00944,Adolfo Valle Perelló,zpelayo@example.net,2023-10-15
CUST00945,Minerva Manzanares,harias@example.com,2023-09-29
CUST00946,Rico Rubio,nancy75@example.net,2024-07-04
CUST00947,Ángeles Rodrigo Huerta,xaramburu@example.net,2024-12-01
CUST00948,Eladio Sarabia Colom,salvadorveliz@example.net,2023-10-09
CUST00949,Bautista Bru Planas,sisneroselena@example.com,2025-01-24
CUST00950,,siriarte@example.com,2023-06-22
CUST00951,Mtro. Lilia Burgos,odalys24@example.net,2023-08-04
CUST00952,Octavia Mena Agudo,gabellan@example.org,2024-02-23
CUST00953,Lic. Vanesa Lomeli,diananoriega@example.org,2024-03-27
CUST00954,Jose Francisco Espada,lgarcia@example.org,2023-04-29
CUST00955,Sandalio Feliu Jover,ocardona@example.org,2023-04-27
CUST00956,Aristides Gonzalo Casanovas Lloret,amor93@example.com,2024-05-07
CUST00957,Abril Ballesteros Jáquez,caballerohector@example.net,2024-09-14
CUST00958,María Cristina Viña Larrañaga,mmiranda@example.com,2024-01-07
CUST00959,Jacobo Ignacio Grijalva Muro,wbaez@example.com,2024-01-24
CUST00960,Javier Querol Chamorro,losajuana@example.org,2024-03-20
CUST00961,Serafín Roldán,abelardomedina@example.org,2023-04-13
CUST00962,Irma Quiroz González,wbonilla@example.com,2023-04-27
CUST00963,Judith Lozada Zepeda,ruthvina@example.net,2025-02-25
CUST00964,Jose Ramón Bonet Mata,mariselacarrillo@example.com,2023-07-11
CUST00965,Curro de Borrás,kandres@example.com,2024-09-01
CUST00966,Estefanía Francisco Rolón Castañeda,ybotella@example.net,2024-11-15
CUST00967,René Ruby Barragán,polivarez@example.net,2023-10-02
CUST00968,Esparta Francisco Javier Carrillo,carrascoaugusto@example.com,2023-03-23
CUST00969,Luciano Pedro Castejón,vvelazquez@example.org,2024-05-04
CUST00970,Rosa Tello Espinal,xmaya@example.com,2023-03-16
CUST00971,Narcisa Girona,iagullo@example.com,2023-08-19
CUST00972,Gustavo Estefanía Sanabria,rubylimon@example.org,2023-05-24
CUST00973,Esther Esmeralda Vallés Casal,fgalvan@example.com,2023-03-29
CUST00974,Isabela Corral Gaitán,escamillarocio@example.com,2023-05-06
CUST00975,Victoria Cristobal Alonzo Ulibarri,luisa75@example.com,2023-05-19
CUST00976,Óliver Leyva Leyva,icabanillas@example.com,2023-10-27
CUST00977,Jenaro Nacio Céspedes Cervantes,jlovato@example.org,2023-04-11
CUST00978,Quirino Agullo,corderojose-manuel@example.com,2023-12-25
CUST00979,Atilio Pagès Sáez,carpioaranzazu@example.net,2024-10-04
CUST00980,Lic. Conchita Páez,carrerajose-angel@example.com,2024-09-18
CUST00981,Rubén Débora Núñez Burgos,olaureano@example.net,2024-12-28
CUST00982,Adalberto Carla Carrión Borrego,overgara@example.org,2025-01-27
CUST00983,Barbara Rosalia Durán Olivo,klugo@example.org,2023-04-10
CUST00984,Ana Belén Esteban Ramirez,etorres@example.net,2023-08-05
CUST00985,Narciso Carpio,adelardosalvador@example.com,2023-03-20
CUST00986,Bernardo Fábregas Cuéllar,renata01@example.org,2024-01-30
CUST00987,Pamela David Piña Abrego,arturo84@example.net,2023-08-14
CUST00988,Reynaldo Mitzy Marroquín,bertaarmendariz@example.org,2023-12-04
CUST00989,Calisto Marí,eligiagarzon@example.net,2023-05-08
CUST00990,Carolina Silvia Pichardo Benavídez,juana26@example.com,2024-08-12
CUST00991,Nilo Roig-Clemente,leonevita@example.net,2024-09-01
CUST00992,Marcela Vidal Céspedes,ignaciopuente@example.com,2023-09-22
CUST00993,Delia Angélica León Casanovas,vbatalla@example.net,2024-06-04
CUST00994,Yéssica Múgica Llano,leocadioagustin@example.org,2024-03-28
CUST00995,José María Bernardo Castañeda,dionisia71@example.net,2024-04-05
CUST00996,Mtro. Pedro Juárez,donairemaximino@example.com,2023-04-24
CUST00997,Rosenda Quevedo Tapia,agapito82@example.net,2024-12-17
CUST00998,Gonzalo Lastra Baena,sandraperalta@example.net,2024-08-25
CUST00999,Marcela Joaquín Rocha,luis-miguel83@example.com,2023-08-23
CUST01000,Herminio Rogelio Milla Bosch,herediaciro@example.org,2024-07-26
